Date Published,Date Added,Company,Role,Domain / Focus,Location,Priority,Duration,Deadline / Urgency,Compensation,Application Link,Status,Notes / Action Items
2026-08-01,2026-08-13,Atoms,Software Engineer Intern (Physical AI & Robotics),Robotics & Hardware-AI Integration,"San Francisco, CA",High Priority,Short,,$70/hr,https://job-boards.greenhouse.io/cssmerge/jobs/8687896002,Pending,
2026-08-03,2026-08-13,ByteDance / TikTok,Software Engineer Intern (AI Platform),AI Platform & Deep Learning Infrastructure,"San Jose, CA",High Priority,Long,,$45/hr + housing allowance,https://joinbytedance.com/search/7668212952030841093,No Application,
2026-08-05,2026-08-13,Roblox,Software Engineer Intern (AI & Systems),AI & Core Infrastructure,"San Mateo, CA",High Priority,Short,,Competitive,https://careers.roblox.com/jobs/8072713,Rejected,"Rejection notice received August 25, 2026 (following completed assessments)"
2026-08-08,2026-08-13,Robocollective.AI,AI & Robotics Innovation Intern,Robotics Solutions & Digital Automation,Remote,High Priority,Short,,Competitive,https://www.indeed.com/q-robotics-summer-intern-2027-jobs.html,No Application,
2026-08-02,2026-08-13,Sentry,Software Engineer Intern,Developer Platforms & Distributed Systems,"San Francisco, CA",Medium Priority,Short,,Competitive,https://github.com/speedyapply/2027-SWE-College-Jobs,No Application,
2026-08-04,2026-08-13,Aquatic Capital Management,Software Engineer Intern,Quantitative Trading Software & Low Latency,"Chicago, IL",Low Priority,Short,,Competitive,https://job-boards.greenhouse.io/aquaticcapitalmanagement/jobs/8489233002,Rejected,Rejection notice received
2026-07-28,2026-08-13,IMC Trading,Software Engineer Intern,High-Performance C++/Java Trading Systems,"Chicago, IL",Low Priority,Long,,$200k base prorated ($100/hr) + housing,https://www.imc.com/us/careers/jobs/4823924101,No Application,
2026-08-10,2026-08-14,SpaceX,Summer 2027 Software Engineering Internship / Co-op,Flight Software & Autonomous Avionics,"Hawthorne, CA (near UCLA)",High Priority,Short,,Competitive + Housing Support,https://job-boards.greenhouse.io/spacex/jobs/8621757002,Pending,
2026-08-08,2026-08-14,Tesla,Engineering Automation Software Engineer Intern (Vehicle Engineering),Automation Systems & Robotics Testing,"Palo Alto / Fremont, CA",High Priority,Long,,Competitive + Relocation,https://www.tesla.com/careers/search/job/internship-engineering-automation-software-engineer-vehicle-engineering-winter-spring-2027--279763,No Application,
2026-08-11,2026-08-14,Haast Autonomous,Summer 2027 Engineering Internship,Robotics & Autonomous Systems Hardware/Software,"San Francisco, CA",High Priority,Short,,Competitive,https://www.indeed.com/q-robotics-engineering-internship-summer-jobs.html,No Application,
2026-08-14,2026-08-14,Western Digital,Summer 2027 Software Engineering Internship,Embedded Firmware & Storage Systems,"Colorado Springs, CO / San Jose, CA",Medium Priority,Long,,$34 - $47/hr,https://mail.google.com/,No Application,
2026-08-04,2026-08-14,NASA,OSTEM Robotics & Computing Internship (Summer 2027),"Robotics, Autonomous Navigation & Space Systems","Mountain View, CA (Ames) / Multi-Center",High Priority,Long,,Paid (Stipend),https://www.nasa.gov/learning-resources/internship-programs/,No Application,
2026-08-12,2026-08-15,Anduril Industries,2027 Software Engineer Intern,Autonomous Defense Systems & Robotics,"Costa Mesa, CA",High Priority,Short,,Competitive + Housing Support,https://job-boards.greenhouse.io/andurilindustries/jobs/5148079007?gh_jid=5148079007,No Application,
2026-08-11,2026-08-15,Freeform,Software Engineering Intern (Summer 2027),Autonomous Manufacturing & Real-Time Robotics Controls,"Hawthorne, CA (near UCLA)",High Priority,Short,,Competitive,https://job-boards.greenhouse.io/freeformfuturecorp/jobs/7872198003,Rejected,Rejection notice received August 19
2026-08-09,2026-08-15,Akuna Capital,Software Engineer Intern - C++ (Summer 2027),Low-Latency High-Performance Systems,"Chicago, IL",Low Priority,Short,,Competitive + Housing,https://job-boards.greenhouse.io/akunacapital/jobs/7951923,No Application,
2026-08-14,2026-08-16,Notion,Software Engineer Intern (Summer 2027),Core Product & Systems Engineering,"San Francisco, CA",High Priority,Short,,Competitive,https://jobs.ashbyhq.com/notion/3fba1c39-c5cb-47d7-9ad2-1cec4d7e9d0c,No Application,
2026-08-06,2026-08-16,Salesforce,Summer 2027 Intern - Software Engineer,Enterprise Infrastructure & Cloud Systems,"San Francisco, CA",High Priority,Long,,Competitive,https://salesforce.wd12.myworkdayjobs.com/en-US/External_Career_Site/job/Summer-2027-Intern---Software-Engineer_JR337715,No Application,
2026-08-13,2026-08-16,Odys Aviation,Robotics & Embedded Systems Intern (Summer 2027),Autonomous Flight & Embedded Microcontrollers,"Long Beach, CA (near UCLA)",High Priority,Short,,Competitive,"https://www.indeed.com/q-robotics-internships-l-los-angeles,-ca-jobs.html",No Application,
2026-08-12,2026-08-16,Heliux Inc.,"Software Engineer (Internship, Summer 2027)",AI-Native Manufacturing & Hardware Systems,"San Francisco, CA",High Priority,Short,,Competitive,"https://www.indeed.com/q-summer-internships-software-engineering-l-san-francisco-bay-area,-ca-jobs.html",No Application,
2026-08-10,2026-08-16,The Nuclear Company,Summer 2027 Software Engineering Intern,Industrial AI & Operating Systems,"Washington, DC (Full Housing / Relocation)",Low Priority,Short,,Competitive + Housing,https://job-boards.greenhouse.io/thenuclearcompany/jobs/5383236008,No Application,
2026-08-11,2026-08-17,SpaceX,Summer 2027 Silicon Engineering Intern,Embedded & Firmware,"Hawthorne, CA (near UCLA)",High Priority,Short,Rolling (High Urgency),Competitive,https://job-boards.greenhouse.io/spacex/jobs/8621763002?gh_jid=8621763002,No Application,"In-house custom silicon, ASIC verification, on-orbit space hardware"
2026-08-15,2026-08-17,CTGT,Software Engineering Intern (Summer 2027),AI/ML Platform & Systems,"San Francisco, CA",High Priority,Short,Rolling (High Urgency),"$8,000 - $12,000/mo",https://jobs.ashbyhq.com/ctgt/f657c2f5-125e-42b6-a68a-646bbea3d155,No Application,Deterministic AI governance & Policy Engine (Stanford/YC backed)
2026-08-15,2026-08-17,Replit,Software Engineer Intern (Summer 2027),Core Software Engineering,"San Francisco, CA",High Priority,Short,Rolling (High Urgency),Competitive,https://simplify.jobs/p/7e21b76f-fae1-4564-9f64-456d019b46b2/Software-Engineer-Intern,No Application,"Cloud IDE runtime, AI agentic workspace, distributed infrastructure"
2026-08-14,2026-08-17,Circleback,Software Engineering Intern (Summer 2027),Full Stack & Web,"San Francisco, CA",Medium Priority,Short,Rolling (Medium Urgency),"$7,000 - $10,000/mo",https://jobs.ashbyhq.com/circleback/2bb6be67-d1a8-42f7-bb1b-64ee36bf613f,No Application,"AI meeting intelligence, full-stack product features (YC backed)"
2026-08-12,2026-08-17,Quadrillion Labs,Software Engineering Intern (Summer 2027),AI/ML Platform & Systems,"New York, NY",Low Priority,Short,Rolling (Low Urgency),"$4,000 - $6,000/wk",https://jobs.ashbyhq.com/quadrillion-labs/a4acc44c-31ce-41a0-ab44-2500487b4d05,No Application,Agentic ML research platform (Qualia)
2026-08-13,2026-08-17,Tesla,Optimus Embedded Software Intern (Summer 2027),Robotics & Autonomous Systems,"Palo Alto, CA",High Priority,Long,Rolling (High Urgency),$20 - $60/hr,https://www.indeed.com/q-summer-2027-internship-robotics-embedded-systems-jobs.html,No Application,"Humanoid robotics (Optimus), embedded platform drivers & low-level controls"
2026-08-12,2026-08-17,Rivian,Embedded Systems & Automation Intern (Summer 2027),Embedded & Firmware,"Palo Alto, CA",High Priority,Long,Rolling (High Urgency),$45 - $51/hr,https://www.indeed.com/q-summer-2027-internship-robotics-embedded-systems-jobs.html,No Application,"EV vehicle software, automation, and real-time firmware"
2026-08-14,2026-08-17,Proception,Embedded Software Intern (Robotic Hands),Robotics & Autonomous Systems,"Palo Alto, CA",High Priority,Short,Rolling (High Urgency),Competitive,https://www.indeed.com/q-summer-2027-internship-robotics-embedded-systems-jobs.html,No Application,Real-time firmware and control systems for dexterous robotic hands
2026-08-15,2026-08-17,PlusAI,Software Engineer Intern - Autonomous Robotics,Robotics & Autonomous Systems,"Santa Clara, CA",High Priority,Short,Rolling (High Urgency),$19 - $65/hr,https://www.indeed.com/q-summer-2027-internship-robotics-embedded-systems-jobs.html,No Application,"Autonomous vehicle perception, sensor fusion, and trajectory planning"
2026-08-14,2026-08-17,Context AI,Summer 2027 Engineering Intern (AI Agents),AI/ML Platform & Systems,"San Francisco, CA",Medium Priority,Short,Rolling (Medium Urgency),$80k - $120k/yr prorated,"https://www.indeed.com/q-summer-internships-software-engineering-l-san-francisco-bay-area,-ca-jobs.html",No Application,Continuous learning AI agents and intelligence capture
2026-08-13,2026-08-17,Fab2,Automation Software Engineering Intern,Robotics & Autonomous Systems,"San Francisco, CA",High Priority,Short,Rolling (High Urgency),$110k - $132k/yr prorated,https://www.indeed.com/q-Computer-Science-Robotic-Internship-jobs.html,No Application,Industrial automation software and hardware validation testing
2026-08-10,2026-08-17,DV Trading,Software Engineer Intern (Summer 2027),Core Software Engineering,"New York, NY",Low Priority,Short,Rolling (Low Urgency),Competitive,https://job-boards.greenhouse.io/dvtrading/jobs/4719119005,No Application,Low latency trading systems and algorithmic execution tools
2026-08-12,2026-08-17,Human Computer Lab,Controls Engineer Intern (Summer 2027),Robotics & Autonomous Systems,"San Francisco, CA (Hybrid)",High Priority,Short,Rolling (High Urgency),Competitive,https://www.indeed.com/q-summer-2027-internship-robotics-embedded-systems-jobs.html,No Application,Hands-on control systems tuning on physical robotic hardware
2026-08-11,2026-08-17,Oceanus Marine Technologies,Electrical & Embedded Systems Intern,Embedded & Firmware,"El Segundo, CA (near UCLA)",High Priority,Short,Rolling (High Urgency),$38 - $46/hr,https://www.indeed.com/q-summer-2027-internship-robotics-embedded-systems-jobs.html,No Application,"Autonomous maritime robotics, embedded systems & microcontrollers"
2026-08-13,2026-08-17,Verne Robotics,Robotics Engineering Intern (Summer 2027),Robotics & Autonomous Systems,"San Francisco, CA",High Priority,Short,Rolling (High Urgency),"$1,600 - $2,500/wk",https://www.simplyhired.com/search?q=robotics+intern&l=san+francisco+bay+area%2C+ca,No Application,"Mobile robotics, autonomous navigation & electromechanical systems"
2026-08-10,2026-08-17,Dexter,Robotics & Automation Intern (Summer 2027),Robotics & Autonomous Systems,"Remote / Elkhart, IN",High Priority,Short,Rolling (High Urgency),Competitive,https://www.indeed.com/q-robotics-engineering-internship-summer-jobs.html,No Application,"Industrial robotics, automation systems and autonomous processes"
2026-08-14,2026-08-17,Love's Travel Stops Tech Labs,Computer Vision & Automation Intern,Computer Vision,Hybrid Remote,High Priority,Short,Rolling (High Urgency),Competitive,https://www.indeed.com/q-computer-vision-summer-intern-jobs.html,No Application,"Computer vision models, retail industrial automation and video perception"
2026-08-15,2026-08-17,Boeing,"Research Engineering Intern (AI, Computer Vision)",Computer Vision,"Huntington Beach, CA (near LA)",High Priority,Long,Rolling (High Urgency),Competitive,https://www.ziprecruiter.com/Jobs/Ai-Internships-Summer/--in-California/3,No Application,"Computer vision, AI perception and sensor fusion for aerospace"
2026-08-11,2026-08-17,Bosch Group,Powertrain Controls & Embedded SWE Intern,Embedded & Firmware,Hybrid Remote,Medium Priority,Short,Rolling (Medium Urgency),Competitive,https://www.indeed.com/q-summer-2027-internship-robotics-embedded-systems-jobs.html,No Application,"Real-time embedded C/C++, RTOS, and vehicle controls"
2026-08-12,2026-08-17,DMR Technologies,Embedded Systems Engineering Intern,Embedded & Firmware,Remote,Medium Priority,Short,Rolling (Medium Urgency),$35k - $50k/yr prorated,https://www.indeed.com/q-Computer-Science-Robotic-Internship-jobs.html,No Application,Flight controller firmware for advanced UAV platforms
2026-08-14,2026-08-18,Google,Software Engineering Intern (BS),Core Software Engineering,"Mountain View / San Francisco, CA",High Priority,Long,Rolling (High Urgency),$55 - $72/hr,https://careers.google.com/jobs/results/,No Application,"Distributed systems, cloud infrastructure & web scale platforms"
2026-08-15,2026-08-18,Amazon,Software Development Engineer Intern,Core Software Engineering,"Sunnyvale, CA / Seattle, WA",High Priority,Long,Rolling (High Urgency),$50 - $65/hr,https://www.amazon.jobs/content/en/career-programs/university/internships-for-students?country%5B%5D=US,No Application,"AWS cloud infrastructure, distributed microservices"
2026-08-16,2026-08-18,Apple,Undergrad Software Engineer Intern,Embedded & Firmware,"Cupertino, CA",High Priority,Long,Rolling (High Urgency),$55 - $68/hr,https://github.com/vanshb03/Summer2027-Internships,No Application,"CoreOS, embedded firmware, neural engine acceleration"
2026-08-14,2026-08-18,Microsoft,Software Engineer Intern,AI/ML Platforms & Systems,"Mountain View, CA / Redmond, WA",High Priority,Long,Rolling (High Urgency),$50 - $62/hr,https://github.com/speedyapply/2027-AI-College-Jobs,No Application,"Azure distributed platforms, cloud computing & developer infrastructure"
2026-08-15,2026-08-18,Intel,Silicon Hardware Design & Verification Intern,Embedded & Firmware,"Santa Clara / San Jose, CA",High Priority,Long,Rolling (High Urgency),Competitive,https://www.extern.com/post/intel-internship-guide,No Application,"Silicon design tape-outs, edge AI hardware accelerators"
2026-08-16,2026-08-18,Waymo,Autonomous Vehicle Software Intern,Robotics & Autonomous Systems,"Mountain View / San Francisco, CA",High Priority,Long,Rolling (High Urgency),$48 - $85/hr,https://www.extern.com/post/waymo-internship-guide,No Application,"Self-driving perception, sensor fusion & robotaxi motion planning"
2026-08-15,2026-08-18,Zoox,Autonomous Robotaxi Software Intern,Robotics & Autonomous Systems,"Foster City, CA",High Priority,Long,Rolling (High Urgency),Competitive,https://www.extern.com/post/zoox-internship-guide,No Application,"Purpose-built autonomous vehicle software, perception, and fleet intelligence"
2026-08-17,2026-08-18,Figure AI,Humanoid Robotics & AI Intern,Robotics & Autonomous Systems,"Sunnyvale, CA",High Priority,Short,Rolling (High Urgency),$35 - $45/hr,https://www.extern.com/post/figure-ai-internship-guide,No Application,Humanoid robot whole-body controls and real-time reinforcement learning
2026-08-16,2026-08-18,Scale AI,Machine Learning & Infrastructure Intern,AI/ML Platforms & Systems,"San Francisco, CA",High Priority,Short,Rolling (High Urgency),Competitive,https://www.extern.com/post/scale-ai-internship-guide,No Application,"Generative AI evaluation, agentic data engines"
2026-08-15,2026-08-18,Cohere,Machine Learning Systems Intern,AI/ML Platforms & Systems,"San Francisco, CA / Remote",High Priority,Short,Rolling (High Urgency),Competitive,https://jobs.lever.co/cohere,No Application,Large language model infrastructure & distributed training
2026-08-14,2026-08-18,Terranova Robotics,Autonomous Navigation Intern,Robotics & Autonomous Systems,"San Jose, CA",High Priority,Short,Rolling (High Urgency),$40 - $55/hr,https://www.indeed.com/q-robotics-internships-jobs.html,No Application,Autonomous mobile robot navigation & ROS 2 SLAM
2026-08-16,2026-08-18,Baxter Aerospace,Avionics Software Engineer Intern,Embedded & Firmware,"El Segundo, CA (near UCLA)",High Priority,Long,Rolling (High Urgency),Competitive,https://www.indeed.com/q-aerospace-software-internship-jobs.html,No Application,Real-time flight avionics & embedded telemetry
2026-08-15,2026-08-18,Raytheon,Embedded Software Intern,Embedded & Firmware,"El Segundo, CA (near UCLA)",High Priority,Long,Rolling (High Urgency),Competitive,https://jobs.rtx.com/,No Application,Secure embedded operating environments
2026-08-14,2026-08-18,Enphase Energy,Embedded Firmware Intern,Embedded & Firmware,"Fremont, CA",Medium Priority,Short,Rolling (Medium Urgency),$35 - $45/hr,https://enphase.com/careers,No Application,Solar microinverter firmware & power electronics control
2026-08-16,2026-08-18,Hypercubic,Spatial AI & Vision Intern,Computer Vision,"San Francisco, CA",High Priority,Short,Rolling (High Urgency),"$7,000 - $9,000/mo",https://jobs.ashbyhq.com/hypercubic,No Application,3D reconstruction and neural rendering pipelines
2026-08-15,2026-08-18,MATS Research,AI Alignment Research Scholar,AI/ML Platforms & Systems,"Berkeley, CA / Remote",Medium Priority,Short,Rolling (Medium Urgency),"$5,000/mo Stipend",https://www.matsprogram.org/,No Application,Mechanistic interpretability and model evaluation
2026-08-16,2026-08-18,Abundant AI,Full Stack AI Intern,Full Stack & Web,"San Francisco, CA",Medium Priority,Short,Rolling (Medium Urgency),"$6,000 - $8,000/mo",https://jobs.ashbyhq.com/abundant,No Application,Full stack generative workflow applications
2026-08-15,2026-08-18,Naïve AI,Machine Learning Engineer Intern,AI/ML Platforms & Systems,"San Francisco, CA",Medium Priority,Short,Rolling (Medium Urgency),$40 - $50/hr,https://jobs.ashbyhq.com/naive,No Application,Multi-modal inference optimization
2026-08-14,2026-08-18,Optiver,FPGA / Hardware Engineering Intern,Core Software Engineering,"Chicago, IL",Low Priority,Short,Rolling (Low Urgency),$125/hr + housing,https://optiver.com/working-at-optiver/career-opportunities/,No Application,Low-latency FPGA hardware acceleration & trading systems
2026-08-15,2026-08-18,SIG (Susquehanna),Quantitative Software Engineer Intern,Core Software Engineering,"Bala Cynwyd, PA / New York, NY",Low Priority,Long,Rolling (Low Urgency),$110k - $130k prorated,https://careers.sig.com/,No Application,Distributed market data infrastructure & C++ execution engines
2026-08-17,2026-08-19,Cruise (GM AV),Autonomous Driving SWE Intern,Robotics & Autonomous Systems,"San Francisco, CA",High Priority,Long,Rolling (High Urgency),Competitive,https://www.extern.com/post/cruise-internship-guide,No Application,"Safety-critical autonomous vehicle software, motion planning & simulation"
2026-08-18,2026-08-19,Ramp,Software Engineering Intern,Core Software Engineering,"San Francisco, CA / New York, NY",High Priority,Short,Rolling (High Urgency),"$11,700/mo",https://www.intern-list.com/,No Application,Financial automation infrastructure & enterprise payment pipelines
2026-08-17,2026-08-19,Figma,Software Engineer Intern: Developer Tools & Systems,Core Software Engineering,"San Francisco, CA",High Priority,Long,Rolling (High Urgency),Competitive,https://github.com/SimplifyJobs/Summer2027-Internships/blob/dev/README-Off-Season.md,No Application,"Collaborative browser graphics engine, WebAssembly runtime & plugins"
2026-08-18,2026-08-19,DoorDash,Software Engineering Intern,Core Software Engineering,"San Francisco / Sunnyvale, CA / Remote",High Priority,Long,Rolling (High Urgency),Competitive,https://www.extern.com/post/doordash-internship-guide,No Application,"Real-time logistics engine, delivery routing & distributed microservices"
2026-08-17,2026-08-19,Datadog,Software Engineering Intern,Core Software Engineering,"San Francisco, CA / New York, NY / Remote",High Priority,Long,Rolling (High Urgency),Competitive,https://www.extern.com/post/datadog-internship-guide,No Application,Cloud infrastructure observability & distributed telemetry
2026-08-18,2026-08-19,SpaceX,Starlink Software Engineering Intern,Embedded & Firmware,"Hawthorne / Mountain View, CA",High Priority,Short,Rolling (High Urgency),Competitive,https://job-boards.greenhouse.io/spacex/jobs/8621757002,No Application,Satellite constellation routing & ground station network protocols
2026-08-17,2026-08-19,Freeform,Mechanical & Controls Engineering Intern,Robotics & Autonomous Systems,"Hawthorne, CA (near UCLA)",High Priority,Short,Rolling (High Urgency),$30 - $38/hr,"https://www.indeed.com/q-robotics-internships-l-los-angeles,-ca-jobs.html",No Application,3D metal printing workcell automation & sensor fusion
2026-08-18,2026-08-19,Veeam Software,Software Engineering Intern: Policy Engineering,Core Software Engineering,"Los Angeles, CA (near UCLA)",High Priority,Short,Rolling (High Urgency),Competitive,https://github.com/vanshb03/Summer2027-Internships,No Application,"Cloud data management, backup policy automation & distributed storage"
2026-08-17,2026-08-19,RTX (Raytheon),Software Platform Internship,Embedded & Firmware,"El Segundo, CA (near UCLA)",High Priority,Long,Rolling (High Urgency),Competitive,https://www.intern-list.com/,No Application,Avionics platform software & secure embedded operating environments
2026-08-18,2026-08-19,ByteDance / TikTok,GPU/AI Application System Software Engineer Intern,AI/ML Platforms & Systems,"San Jose, CA",High Priority,Long,Rolling (High Urgency),$45 - $60/hr,https://vansh.nyc/intern,No Application,GPU compute kernel optimization & AI workload scheduling
2026-08-17,2026-08-19,Haast Autonomous,Flight Software Intern,Robotics & Autonomous Systems,"San Francisco, CA",High Priority,Short,Rolling (High Urgency),Competitive,https://www.indeed.com/q-robotics-engineering-internship-summer-jobs.html,No Application,UAV flight controls & autonomous aerial perception
2026-08-18,2026-08-19,Atoms,Backend Infrastructure Intern,Core Software Engineering,"San Francisco, CA",High Priority,Short,Rolling (High Urgency),$65/hr,https://job-boards.greenhouse.io/cssmerge/jobs/8687896002,No Application,Scalable physical AI runtime & low-latency cloud backend
2026-08-17,2026-08-19,ByteDance / TikTok,Applied ML & Computer Vision Intern,Computer Vision,"San Jose, CA",High Priority,Long,Rolling (High Urgency),$45 - $60/hr,https://joinbytedance.com,No Application,Large-scale vision transformer training & multimodal inference
2026-08-18,2026-08-19,Anduril Industries,Lattice OS Software Intern,Robotics & Autonomous Systems,"Costa Mesa, CA",High Priority,Short,Rolling (High Urgency),Competitive + Housing,https://job-boards.greenhouse.io/andurilindustries,No Application,Autonomous command and control software (Lattice OS)
2026-08-17,2026-08-19,Duolingo,Software Engineer Intern,Core Software Engineering,"Pittsburgh, PA / New York, NY",Medium Priority,Short,Rolling (Medium Urgency),$55 - $65/hr,https://careers.duolingo.com/,No Application,Gamified learning backend & interactive mobile architecture
2026-08-18,2026-08-19,The Nuclear Company,Power Systems SWE Intern,Embedded & Firmware,"Washington, DC (Relocation)",Low Priority,Short,Rolling (Low Urgency),Competitive + Housing,https://job-boards.greenhouse.io/thenuclearcompany,No Application,Clean nuclear energy operating software & sensor telemetry
2026-08-17,2026-08-19,Copart,AI Platform Engineering Intern,AI/ML Platforms & Systems,"Dallas, TX / Remote",Low Priority,Long,Rolling (Low Urgency),$35 - $45/hr,https://www.copart.com/careers,No Application,Enterprise AI inference platforms & vehicle valuation models
2026-08-18,2026-08-19,CTC (Chicago Trading Company),Quantitative SWE Intern,Core Software Engineering,"Chicago, IL",Low Priority,Short,Rolling (Low Urgency),$100/hr + housing,https://chicagotrading.com/careers/,No Application,High-frequency trading market connectivity & algorithmic execution
2026-08-17,2026-08-19,NSA,Computer Science Student Intern,Core Software Engineering,"Fort Meade, MD",Low Priority,Long,Rolling (Low Urgency),$25 - $35/hr,https://www.intelligencecareers.gov/nsa,No Application,High-performance computing & cryptanalysis systems
2026-08-18,2026-08-19,JPMorgan Chase,Software Engineer Intern (Summer 2027),Core Software Engineering,"New York, NY / San Francisco, CA",Medium Priority,Long,Rolling (Medium Urgency),$50 - $60/hr,https://careers.jpmorgan.com/,No Application,Enterprise financial platforms & cloud microservices
2026-08-16,2026-08-20,Great Plains Manufacturing,Engineering & Automation Intern,Embedded & Firmware,"Salina, KS / Hybrid",Medium Priority,Short,Rolling,Competitive,https://www.greatplainsmfg.com/careers,Pending,Applied directly via ADP on August 16 (Detected from email confirmation)
2026-08-18,2026-08-20,Astranis,CAD & Space Hardware Engineer Intern (Summer 2027),Embedded & Firmware,"San Francisco, CA",High Priority,Short,Rolling (High Urgency),Competitive,https://job-boards.greenhouse.io/astranis?keyword=internships,No Application,"Next-gen geostationary satellite CAD, mechanical-electrical integration, orbital communications hardware"
2026-08-17,2026-08-20,PDT Partners,Summer 2027 Software Engineering Intern,Core Software Engineering,"New York, NY",Low Priority,Short,Rolling (Low Urgency),"$180,000 prorated ($86.50/hr)",https://job-boards.greenhouse.io/pdtpartners/jobs/8077685,No Application,Low-latency C++/Python distributed trading systems and data infrastructure
2026-08-19,2026-08-20,SpaceX,Summer 2027 Engineering Internship/Co-op (Controls & Avionics),Robotics & Autonomous Systems,"Hawthorne, CA (near UCLA)",High Priority,Short,Rolling (High Urgency),Competitive + Housing Support,https://job-boards.greenhouse.io/spacex/jobs/8621740002,No Application,"Autonomous test stand controls, electromechanical hardware integration, flight vehicle avionics"
2026-08-18,2026-08-20,Beyond Reach Labs,Mechanical & Robotics Systems Engineer Intern (Summer 2027),Robotics & Autonomous Systems,"New York, NY (Brooklyn)",High Priority,Short,Rolling (High Urgency),Competitive,https://jobs.ashbyhq.com/beyondreachlabs/3ca9915e-b63f-4b26-bc20-cc8ae6d14d08,No Application,"Deployable space structures, kinematic actuators, robotic deployment mechanisms"
2026-08-16,2026-08-20,Netsmart,Software Engineer Intern (Summer 2027 Internship),Core Software Engineering,"Overland Park, KS / Hybrid",Medium Priority,Long,Rolling (Medium Urgency),$28 - $36/hr,https://ntst.wd1.myworkdayjobs.com/Careers/job/Software-Engineer-Intern--Summer-2027-Internship-_R015667,No Application,"Healthcare cloud architecture, microservices, and analytics platform tooling"
2026-08-17,2026-08-20,Motorola Solutions,Android Platform Software Engineering Intern (Summer 2027),Embedded & Firmware,"Plantation, FL / Schaumburg, IL",Medium Priority,Long,Rolling (Medium Urgency),$32 - $42/hr,https://motorolasolutions.wd5.myworkdayjobs.com/en-US/Careers/job/Android-Platform-Software-Engineering-Intern---Summer-2027_R67362-1,No Application,"Mission-critical device OS, low-level Android HAL drivers, embedded platform software"
2026-08-15,2026-08-20,Boeing,Information Digital Technology & Security Intern (Summer 2027),Core Software Engineering,"El Segundo, CA (near UCLA)",High Priority,Long,Rolling (High Urgency),Competitive,https://boeing.wd1.myworkdayjobs.com/en-US/EXTERNAL_CAREERS/job/Boeing-Summer-2027-Internship-Program--Paid----Information-Digital-Technology---Security--IDT-S-_JR2026520791-1,No Application,"Secure communications architecture, network telemetry & defense computing"
2026-08-19,2026-08-20,GE Vernova,Software & Controls Engineering Intern (Summer 2027),Embedded & Firmware,"Schenectady, NY / Atlanta, GA / Remote",Medium Priority,Long,Rolling (Medium Urgency),$30 - $40/hr,https://gevernova.wd5.myworkdayjobs.com/vernova_externalsite/job/remote/ge-vernova-commercial-internship---us---summer-2027-1_r5050686-2,No Application,"Power generation automation, real-time turbine controls & industrial firmware"
2026-08-18,2026-08-20,Chevron,Information Technology & Software Engineer Intern (Summer 2027),Core Software Engineering,"San Ramon, CA (Bay Area) / Houston, TX",Medium Priority,Long,Rolling (Medium Urgency),$24 - $38/hr,https://chevron.wd5.myworkdayjobs.com/en-US/University/job/XMLNAME-2026-2027-Information-Technology---Software-Engineer---Intern_R000072398-1,No Application,"Cloud platforms, distributed data engineering & industrial IoT systems"
2026-08-17,2026-08-20,HP Inc.,Enterprise Operations Software Engineering Intern (Summer 2027),Core Software Engineering,"Palo Alto, CA (Bay Area)",High Priority,Long,Rolling (High Urgency),Competitive,https://hp.wd5.myworkdayjobs.com/en-US/ExternalCareerSite/job/Enterprise-Operations-Software-Internship_3167271-2,No Application,"Distributed systems, embedded printing architectures & cloud telemetry"
2026-08-16,2026-08-20,Autodesk,Software Engineering Intern (Summer 2027),Core Software Engineering,"San Francisco, CA",High Priority,Long,Rolling (High Urgency),Competitive,https://autodesk.wd1.myworkdayjobs.com/en-US/uni/job/Software-Engineering-Intern-Summer-2027_26WD100046-3,No Application,"3D geometric modeling kernel, cloud rendering & CAD software infrastructure"
2026-08-18,2026-08-20,Humana,Technology & Software Engineering Intern (Summer 2027),Core Software Engineering,"Louisville, KY / Hybrid Remote",Low Priority,Long,Rolling (Low Urgency),$28 - $35/hr,https://humana.wd5.myworkdayjobs.com/humana_external_career_site/job/Louisville-KY/Humana-Technology-Internship---Summer-2027_R-424692-1,No Application,"Distributed microservices, enterprise health data platforms & automation"
2026-08-17,2026-08-20,Libra Group,Social & Technology Innovation Intern (Summer 2027),Full Stack & Web,"New York, NY / Washington, DC",Low Priority,Short,Fixed (2026-10-14),Paid (Stipend + Housing),https://job-boards.greenhouse.io/thelibragroup/jobs/8450925002,No Application,Full stack platform tools and digital initiative infrastructure
2026-08-18,2026-08-20,General Dynamics Information Technology (GDIT),Summer 2027 Software Developer Internship,Core Software Engineering,"Falls Church, VA / Remote",Low Priority,Long,Rolling (Low Urgency),Competitive,https://gdit.wd5.myworkdayjobs.com/en-US/External_Career_Site/job/Summer-2027-Software-Developer-Internship_RQ225450-1,No Application,"Mission-critical cloud development, secure API architectures & microservices"
2026-08-19,2026-08-20,Capital One,Technology & Analyst Early Internship Program (Summer 2027),Core Software Engineering,"San Francisco, CA / McLean, VA",Medium Priority,Long,Rolling (Medium Urgency),$45 - $55/hr,https://capitalone.wd12.myworkdayjobs.com/en-US/Capital_One/job/Analyst-Early-Internship-Program---Summer-2027_R244231,No Application,"Real-time transaction streaming, AWS cloud infrastructure & ML inference"
2026-08-17,2026-08-20,IMC Trading,High Performance Systems SWE Intern (Summer 2027),Core Software Engineering,"Chicago, IL",Low Priority,Short,Rolling (Low Urgency),$200k base prorated ($100/hr) + housing,https://job-boards.eu.greenhouse.io/imc/jobs/4823924101,No Application,Ultra low-latency C++ algorithmic execution and core market gateway infrastructure
2026-08-18,2026-08-20,Akuna Capital,Python & Data Infrastructure Intern (Summer 2027),Core Software Engineering,"Chicago, IL",Low Priority,Short,Rolling (Low Urgency),Competitive + Housing,https://akunacapital.com/careers/,No Application,"Quantitative data pipelines, trading analytics tooling & distributed Python systems"
2026-08-18,2026-08-20,Optiver,Software Engineer Intern (2027 Start),Core Software Engineering,"Chicago, IL / Austin, TX",Low Priority,Short,Rolling (Low Urgency),$125/hr + housing,https://www.optiver.com/join-us/jobs/technology/london/software-engineer-internship-2027-start/,No Application,"Core exchange connectivity, Linux kernel network optimization & low-latency C++"
2026-08-19,2026-08-21,General Matter,Software Engineering - Summer 2027 Internship,Core Software Engineering,"Los Angeles, CA (near UCLA)",High Priority,Short,Rolling (High Urgency),$32 - $46/hr + housing,https://job-boards.greenhouse.io/generalmatter/jobs/5377118008,No Application,"Nuclear fuel supply chain software, distributed systems & simulation pipelines"
2026-08-19,2026-08-21,General Matter,Electrical & Embedded Systems - Summer 2027 Internship,Embedded & Firmware,"Los Angeles, CA (near UCLA)",High Priority,Short,Rolling (High Urgency),$32 - $46/hr + housing,https://job-boards.greenhouse.io/generalmatter/jobs/5376052008,No Application,"Hardware-in-the-loop testing, sensor telemetry & embedded controllers"
2026-08-18,2026-08-21,The Nuclear Company,Summer 2027 AI/ML Engineering Intern,AI/ML Platforms & Systems,"Washington, DC (Relocation/Housing)",High Priority,Short,Rolling (High Urgency),"$25/hr + $2,000/mo housing",https://job-boards.greenhouse.io/thenuclearcompany/jobs/5383231008,No Application,"AI agents, time-series anomaly detection, Palantir Foundry & GovCloud ML pipelines"
2026-08-19,2026-08-21,Anduril Industries,2027 Manufacturing & Robotics Hardware Engineer Intern,Robotics & Autonomous Systems,"Costa Mesa, CA",High Priority,Short,Rolling (High Urgency),Competitive + Housing,https://job-boards.greenhouse.io/andurilindustries/jobs/5153218007,No Application,"Aerospace structures, robotic composite manufacturing workcells & hardware automation"
2026-08-18,2026-08-21,GlobalFoundries,"Robotics and Automation Engineering Intern, Junior (Summer 2027)",Robotics & Autonomous Systems,"Santa Clara, CA / Malta, NY",High Priority,Long,Rolling (High Urgency),$28 - $38/hr,https://globalfoundries.wd1.myworkdayjobs.com/en-US/External/job/Robotics-and-Automation-Engineering-Intern--Junior--Summer-2027-_JR-2604660/apply,No Application,Semiconductor fab automated material handling systems & robotics integration
2026-08-19,2026-08-21,Pylon,"Software Engineer, Intern (Summer 2027)",AI/ML Platforms & Systems,"San Francisco, CA",High Priority,Short,Rolling (High Urgency),"Competitive ($7,000 - $9,000/mo)",https://jobs.ashbyhq.com/pylon-labs/fcea8b52-81f1-4b0c-b575-d7b180faec4d,No Application,"B2B agentic support platform, real-time sync engine & agentic workflow architecture"
2026-08-19,2026-08-21,General Matter,Summer 2027 Internship - Manufacturing Engineering,Robotics & Autonomous Systems,"Los Angeles, CA (near UCLA)",High Priority,Short,Rolling (High Urgency),$30 - $40/hr + housing,https://job-boards.greenhouse.io/generalmatter/jobs/5376060008,No Application,"Precision enrichment automation, tooling design, manufacturing process optimization"
2026-08-18,2026-08-21,General Matter,Summer 2027 Internship - Mechanical Engineering,Robotics & Autonomous Systems,"Los Angeles, CA (near UCLA)",High Priority,Short,Rolling (High Urgency),$30 - $40/hr + housing,https://job-boards.greenhouse.io/generalmatter/jobs/5377107008,No Application,"Rotordynamic centrifuge mechanics, vacuum chamber hardware & thermal simulation"
2026-08-18,2026-08-21,Physical Intelligence,Robot Integration and Test Engineering Intern (Summer 2027),Robotics & Autonomous Systems,"San Francisco, CA",High Priority,Short,Rolling (High Urgency),$45 - $60/hr,https://jobs.ashbyhq.com/physicalintelligence/a32cf6ed-b81c-4ee6-8785-d5895cf39ffb,No Application,"Physical foundation model test fleet integration, sensor calibration & diagnostics"
2026-08-19,2026-08-21,Replit,Software Engineering Intern (Summer 2027 - Cloud Runtime),Core Software Engineering,"Foster City, CA (Bay Area)",High Priority,Short,Rolling (High Urgency),Competitive ($55 - $70/hr),https://jobs.ashbyhq.com/replit/7e0dafe8-3eec-442e-aa76-a4d84d779fb1,No Application,"Cloud container virtualization, WebAssembly compiler runtime & agentic IDE tools"
2026-08-17,2026-08-21,Freeform,Electrical & Controls Engineering Intern (Summer 2027),Embedded & Firmware,"Hawthorne, CA (near UCLA)",High Priority,Short,Rolling (High Urgency),$32 - $40/hr,https://job-boards.greenhouse.io/freeformfuturecorp/jobs/7872205003,No Application,"Industrial automation, high-power electronics, laser sintering control architectures"
2026-08-17,2026-08-21,Freeform,Process & Manufacturing Robotics Intern (Summer 2027),Robotics & Autonomous Systems,"Hawthorne, CA (near UCLA)",High Priority,Short,Rolling (High Urgency),$30 - $38/hr,https://job-boards.greenhouse.io/freeformfuturecorp/jobs/7872212003,No Application,"3D metal printing workcell automation, closed-loop thermal feedback & defect sensing"
2026-08-18,2026-08-21,Boeing,Avionics & Real-Time Flight Systems Intern (Summer 2027),Embedded & Firmware,"Huntington Beach, CA (near LA)",High Priority,Long,Rolling (High Urgency),Competitive,https://boeing.wd1.myworkdayjobs.com/en-US/EXTERNAL_CAREERS/job/Avionics-Software-Engineering-Intern_JR2026520845,No Application,"Real-time embedded flight software, safety-critical RTOS & sensor bus architecture"
2026-08-18,2026-08-21,Astranis,Flight Software & Orbit Dynamics Intern (Summer 2027),Embedded & Firmware,"San Francisco, CA",High Priority,Short,Rolling (High Urgency),Competitive,https://job-boards.greenhouse.io/astranis/jobs/8482915002,No Application,"Attitude determination and control (ADCS), on-orbit satellite flight software"
2026-08-19,2026-08-21,Optiver,Quantitative Research & Machine Learning Intern (Summer 2027),AI/ML Platforms & Systems,"Chicago, IL",Low Priority,Short,Rolling (Low Urgency),$125/hr + housing,https://optiver.com/working-at-optiver/career-opportunities/quantitative-research-intern-2027/,No Application,"Statistical machine learning, predictive pricing models & automated trading alphas"
2026-08-17,2026-08-21,Boeing,Data Analytics & Machine Learning Intern (Summer 2027),AI/ML Platforms & Systems,"El Segundo, CA (near UCLA)",High Priority,Long,Rolling (High Urgency),Competitive,https://boeing.wd1.myworkdayjobs.com/en-US/EXTERNAL_CAREERS/job/Data-Analytics-Intern_JR2026520910,No Application,"Aerospace telemetry analytics, predictive maintenance models & fleet ML pipelines"
2026-08-19,2026-08-21,Melius,Software Engineering Intern [Spring/Summer 2027],Core Software Engineering,"New York, NY",Medium Priority,Short,Rolling (Medium Urgency),"$11,000/mo ($8.5k salary + $2.5k housing)",https://jobs.ashbyhq.com/melius/b61f063a-4f94-4e50-a4ef-05aaab552280,No Application,"Agents lab for creative work, real-time CRDT canvas, NestJS/Temporal/Turbopuffer"
2026-08-18,2026-08-21,CTC (Chicago Trading Company),Core Systems & Infrastructure Intern (Summer 2027),Core Software Engineering,"Chicago, IL",Low Priority,Short,Rolling (Low Urgency),$100/hr + housing,https://chicagotrading.com/careers/job/core-systems-intern-2027/,No Application,"High-throughput messaging fabric, Linux kernel tuning & low-latency C++ services"
2026-08-18,2026-08-21,DV Trading,Algorithmic Trading Systems Intern (Summer 2027),Core Software Engineering,"New York, NY",Low Priority,Short,Rolling (Low Urgency),Competitive,https://job-boards.greenhouse.io/dvtrading/jobs/4719125005,No Application,"C++ order gateways, market data handlers & distributed risk management services"
2026-08-19,2026-08-21,Front,Software Engineer Intern (Summer 2027),Full Stack & Web,"San Francisco, CA / Remote",Medium Priority,Short,Rolling (Medium Urgency),$45 - $55/hr,https://jobs.ashbyhq.com/front/4d8b2e1f-6a7c-48b9-876a-12e84c97f123,No Application,"Collaborative inbox architecture, WebSocket synchronization & real-time team workflow tools"
2026-08-20,2026-08-22,General Matter,Summer 2027 Internship - Electrical Instrumentation & Controls (I&C) Engineering,Robotics & Autonomous Systems,"Los Angeles, CA (near UCLA)",High Priority,Short,Rolling (High Urgency),$32 - $46/hr + housing,https://job-boards.greenhouse.io/generalmatter/jobs/5376057008,No Application,"PLC automation, sensor calibration, real-time control loops & embedded hardware integration"
2026-08-20,2026-08-22,General Matter,Summer 2027 Internship - Systems & Infrastructure Engineering,Core Software Engineering,"Los Angeles, CA (near UCLA)",High Priority,Short,Rolling (High Urgency),$32 - $46/hr + housing,https://job-boards.greenhouse.io/generalmatter/jobs/5376639008,No Application,"Facility systems software, SCADA telemetry, simulation modeling & cloud infrastructure"
2026-08-19,2026-08-22,Medtronic,Software Engineering Intern – Summer 2027 (Robotics / Cloud / Firmware),Robotics & Autonomous Systems,"Northridge, CA (near LA) / Minneapolis, MN",High Priority,Long,Rolling (High Urgency),$26.50 - $45.25/hr,https://medtronic.wd1.myworkdayjobs.com/en-US/MedtronicCareers/job/Software-Engineering-Intern---Summer-2027_R73630-1,No Application,"Surgical robotics firmware, real-time sensor processing, embedded safety-critical systems & cloud telemetry"
2026-08-20,2026-08-22,Salesforce,Summer 2027 Intern - Software Engineer (Agentforce & AI Core),AI/ML Platforms & Systems,"San Francisco, CA (Bay Area)",High Priority,Long,Rolling (High Urgency),$45 - $65/hr,https://salesforce.wd12.myworkdayjobs.com/en-US/External_Career_Site/job/Summer-2027-Intern---Software-Engineer_JR337715,No Application,"Agentforce autonomous agent architecture, distributed platform microservices & LLM tool integration"
2026-08-19,2026-08-22,Autodesk,3D Graphics & Software Engineering Intern (Summer 2027),Core Software Engineering,"San Francisco, CA (Bay Area)",High Priority,Long,Rolling (High Urgency),Competitive ($45 - $60/hr),https://autodesk.wd1.myworkdayjobs.com/en-US/uni/job/Software-Engineering-Intern-Summer-2027_26WD100046-3,No Application,"High-performance 3D geometric engine, WebAssembly rendering & computational geometry"
2026-08-20,2026-08-22,SpaceX,Summer 2027 Engineering Internship/Co-op (Starship & Flight Avionics),Embedded & Firmware,"Hawthorne, CA (near UCLA) / Starbase, TX",High Priority,Short,Rolling (High Urgency),Competitive + Housing Support,https://job-boards.greenhouse.io/spacex/jobs/8621740002,No Application,"Flight avionics hardware-in-the-loop testing, propulsion telemetry & autonomous test sequencing"
2026-08-20,2026-08-22,Anduril Industries,2027 Autonomous Hardware & Robotics Manufacturing Intern,Robotics & Autonomous Systems,"Costa Mesa, CA",High Priority,Short,Rolling (High Urgency),Competitive + Housing,https://job-boards.greenhouse.io/andurilindustries/jobs/5153218007,No Application,"Robotic assembly lines, automated composite layup & autonomous defense hardware"
2026-08-19,2026-08-22,Astranis,Embedded Software Developer / Network Payload Software Intern,Embedded & Firmware,"San Francisco, CA",High Priority,Short,Rolling (High Urgency),Competitive,https://job-boards.greenhouse.io/astranis/jobs/8482918002,No Application,"Microcontroller drivers, satellite payload telemetry & space network routing protocols"
2026-08-20,2026-08-22,Pylon,Agentic Platform & Distributed Systems Intern (Summer 2027),Core Software Engineering,"San Francisco, CA",High Priority,Short,Rolling (High Urgency),"Competitive ($7,000 - $9,000/mo)",https://jobs.ashbyhq.com/pylon-labs/fcea8b52-81f1-4b0c-b575-d7b180faec4d,No Application,"Real-time synchronization engine, webhooks infrastructure & multi-agent support workflows"
2026-08-19,2026-08-22,GlobalFoundries,Robotics & Automation Engineering Intern (Summer 2027),Robotics & Autonomous Systems,"Santa Clara, CA / Malta, NY",High Priority,Long,Rolling (High Urgency),$28 - $38/hr,https://globalfoundries.wd1.myworkdayjobs.com/en-US/External/job/Robotics-and-Automation-Engineering-Intern--Junior--Summer-2027-_JR-2604660/apply,No Application,Semiconductor fab automated material handling systems & robotics integration
2026-08-18,2026-08-22,Ruger Firearms,Summer 2027 Engineering Internship (Automation & Manufacturing Controls),Embedded & Firmware,"Prescott, AZ / Mayodan, NC",Low Priority,Long,Rolling (Low Urgency),Competitive ($22 - $28/hr) + Housing Stipend,https://ruger.wd1.myworkdayjobs.com/en-US/External/job/Summer-2027-Engineering-Internship_R0003528,No Application,"PLC programming, CNC automated manufacturing, robotics fixture validation & tooling"
2026-08-18,2026-08-22,Conagra Brands,Software Development Internship - Summer 2027,Core Software Engineering,"Omaha, NE / Chicago, IL",Low Priority,Long,Rolling (Low Urgency),$23 - $30/hr + Housing,https://conagrabrands.wd1.myworkdayjobs.com/en-US/Careers_US/job/Software-Development-Internship---Summer-2027_Req-039787,No Application,"Enterprise software development, cloud services, automated testing pipelines & supply chain tools"
2026-08-19,2026-08-22,Castleton Commodities International (CCI),Data Engineering Internship (Summer 2027),Core Software Engineering,"Stamford, CT / Houston, TX",Low Priority,Long,Fixed (2026-09-01),$45 - $55/hr,https://osv-cci.wd1.myworkdayjobs.com/en-US/CCICareers/job/Data-Engineering-Internship--Summer-2027-_R1348,No Application,"Commodities market data pipelines, Snowflake data models, Python ETL pipelines & API connectors"
2026-08-19,2026-08-22,Castleton Commodities International (CCI),Data Science & Machine Learning Internship (Summer 2027),AI/ML Platforms & Systems,"Stamford, CT / Houston, TX",Low Priority,Long,Fixed (2026-09-01),$45 - $55/hr,https://osv-cci.wd1.myworkdayjobs.com/en-US/CCICareers/job/Data-Science-Machine-Learning-Internship--Summer-2027-_R1345,No Application,"Time-series machine learning models, power & natural gas market forecasting algorithms"
2026-08-17,2026-08-22,Castleton Commodities International (CCI),Cybersecurity & Systems Internship (Summer 2027),Core Software Engineering,"Stamford, CT",Low Priority,Long,Rolling (Low Urgency),$40 - $50/hr,https://osv-cci.wd1.myworkdayjobs.com/en-US/CCICareers/job/Stamford-CT/Cybersecurity-Intern_R1368,No Application,"Applied GenAI & agentic security detection, SIEM telemetry, cloud security automation"
2026-08-18,2026-08-22,Capital One,Technology Internship Program - Summer 2027,Core Software Engineering,"McLean, VA / San Francisco, CA / Plano, TX",Medium Priority,Long,Rolling (Medium Urgency),$50 - $62/hr + Housing,https://capitalone.wd12.myworkdayjobs.com/en-US/Capital_One/job/Technology-Internship-Program---Summer-2027_R244387-1,No Application,"AWS cloud infrastructure, distributed microservices, serverless architecture & financial APIs"
2026-08-18,2026-08-22,Capital One,Data Analyst Intern - Summer 2027,Core Software Engineering,"McLean, VA / Richmond, VA / Plano, TX",Medium Priority,Long,Rolling (Medium Urgency),$45 - $55/hr,https://capitalone.wd12.myworkdayjobs.com/en-US/Capital_One/job/Data-Analyst-Intern---Summer-2027_R244317-1,No Application,"Data pipelines, SQL/Python analytics, financial telemetry modeling & executive reporting"
2026-08-18,2026-08-22,General Dynamics Information Technology (GDIT),Summer 2027 Systems & Cloud Software Developer Internship,Core Software Engineering,"Falls Church, VA / Remote",Low Priority,Long,Rolling (Low Urgency),$26 - $36/hr,https://gdit.wd5.myworkdayjobs.com/en-US/External_Career_Site/job/Summer-2027-Software-Developer-Internship_RQ225450-1,No Application,"Defense mission software, distributed cloud architectures, secure microservices & automated CI/CD"
2026-08-19,2026-08-22,Melius,Full-Stack AI Canvas Engineer Intern [Summer 2027],Full Stack & Web,"New York, NY",Medium Priority,Short,Rolling (Medium Urgency),"$11,000/mo ($8.5k salary + $2.5k housing)",https://jobs.ashbyhq.com/melius/b61f063a-4f94-4e50-a4ef-05aaab552280,No Application,"Generative media canvas, TypeScript/Next.js frontend, real-time agent tool-calling orchestration"
2026-08-19,2026-08-22,Front,Full-Stack Software Engineer Intern (Summer 2027),Full Stack & Web,"San Francisco, CA / Remote",Medium Priority,Short,Rolling (Medium Urgency),$45 - $55/hr,https://jobs.ashbyhq.com/front/4d8b2e1f-6a7c-48b9-876a-12e84c97f123,No Application,"Collaborative inbox features, multi-tenant communication platform, API integrations"
2026-08-21,2026-08-23,Jane Street,Software Engineering Intern (Summer 2027),Core Software Engineering,"New York, NY",High Priority,Short,Rolling (High Urgency),"$300,000 prorated ($150/hr)",https://job-boards.greenhouse.io/janestreet/jobs/8160791002,No Application,"Functional programming in OCaml, distributed trading infrastructure & real-time low-latency systems"
2026-08-21,2026-08-23,Jane Street,Machine Learning Engineering Intern (Summer 2027),AI/ML Platforms & Systems,"New York, NY",High Priority,Short,Rolling (High Urgency),"$300,000 prorated ($150/hr)",https://job-boards.greenhouse.io/janestreet/jobs/8611307002/,No Application,"H100/H200/B200 GPU superclusters, statistical learning on noisy high-frequency financial market telemetry"
2026-08-21,2026-08-23,Jane Street,Network Systems Engineering Intern (Summer 2027),Embedded & Firmware,"New York, NY",High Priority,Short,Rolling (High Urgency),"$300,000 prorated ($150/hr)",https://job-boards.greenhouse.io/janestreet/jobs/8620793002,No Application,"Distributed network infrastructure automation, low-latency BGP/OSPF routing & hardware telemetry"
2026-08-20,2026-08-23,Databricks,Software Engineering Intern (2027 Start),AI/ML Platforms & Systems,"San Francisco / Mountain View, CA",High Priority,Long,Rolling (High Urgency),$65 - $80/hr + Housing,https://www.databricks.com/company/careers/university-recruiting/software-engineering-intern-2027-start---winter-8732364002,No Application,"Spark engine, Lakehouse query optimization, AI agent infrastructure & distributed cloud runtimes"
2026-08-20,2026-08-23,Stripe,Software Engineer Intern (Summer 2027),Core Software Engineering,"San Francisco, CA / Seattle, WA / Remote",High Priority,Long,Rolling (High Urgency),$60 - $75/hr + Housing,https://stripe.com/careers/listing/software-engineer-intern/8097801,No Application,"Global financial infrastructure, payment engine APIs, service discovery & high-throughput distributed databases"
2026-08-21,2026-08-23,Physical Intelligence,AI & Robotics Research Intern (Summer 2027),Robotics & Autonomous Systems,"San Francisco, CA",High Priority,Short,Rolling (High Urgency),$50 - $65/hr,https://jobs.ashbyhq.com/physicalintelligence,No Application,"Foundation models for physical embodiment, reinforcement learning & whole-body dexterity"
2026-08-20,2026-08-23,Nuro,"Software Engineer, AI Platform - Intern (Summer 2027)",Robotics & Autonomous Systems,"Mountain View, CA",High Priority,Long,Rolling (High Urgency),$48 - $70/hr,https://www.nuro.ai/careers,No Application,"Autonomous delivery vehicle AI platform, onboard autonomy drivers & distributed evaluation infrastructure"
2026-08-19,2026-08-23,Verkada,Hardware Engineering & Global Sourcing Specialist Intern (Summer 2027),Embedded & Firmware,"San Mateo, CA",High Priority,Short,Rolling (High Urgency),$35 - $45/hr,https://job-boards.greenhouse.io/verkada/jobs/5175755007,No Application,"Computer vision camera hardware, sensor telemetry, edge physical AI devices & direct supplier bring-up"
2026-08-20,2026-08-23,Chicago Trading Company (CTC),Software Engineering Internship - Summer 2027,Core Software Engineering,"Chicago, IL",Low Priority,Short,Rolling (Low Urgency),$100/hr + Housing,https://job-boards.greenhouse.io/chicagotradingcampus/jobs/4716932005,No Application,"Real-time high-throughput market connectivity, low-latency C++ order routers & algorithmic pricing platforms"
2026-08-19,2026-08-23,Freeform,Materials & Laser Sintering Robotics Intern (Summer 2027),Robotics & Autonomous Systems,"Hawthorne, CA (near UCLA)",High Priority,Short,Rolling (High Urgency),$30/hr,https://job-boards.greenhouse.io/freeformfuturecorp/jobs/7907965003,No Application,"Autonomous 3D metal printing workcells, closed-loop thermal laser controls & defect detection vision"
2026-08-19,2026-08-23,General Matter,Chemical Engineering - Summer 2027 Internship,Embedded & Firmware,"Los Angeles, CA (near UCLA)",High Priority,Short,Rolling (High Urgency),$30 - $40/hr + housing,https://job-boards.greenhouse.io/generalmatter/jobs/5376051008,No Application,"Nuclear enrichment chemistry automation, sensor calibration & physical process control loops"
2026-08-20,2026-08-23,Wayve,Autonomous Vehicle Application Software Engineer Intern (Summer 2027),Robotics & Autonomous Systems,"Sunnyvale, CA / Mountain View, CA",High Priority,Short,Rolling (High Urgency),$45 - $65/hr,https://wayve.firststage.co/jobs/iYOT8WnsHK/view?layout=grid,No Application,"End-to-end embodied AI driver, hardware bring-up on NVIDIA Orin/Qualcomm Ride, embedded Linux & QNX"
2026-08-20,2026-08-23,Wayve,AI Portal & Cloud Platform Software Engineer Intern (Summer 2027),Core Software Engineering,"Sunnyvale, CA / Remote",High Priority,Short,Rolling (High Urgency),$45 - $60/hr,https://wayve.firststage.co/jobs/q1Fl4jEm0Z/view?layout=grid,No Application,"Microservices, autonomous vehicle simulation telemetry & partner data pipeline integrations in Java/Python/TypeScript"
2026-08-21,2026-08-23,Perplexity,Member of Technical Staff Intern (AI Research & Search Systems),AI/ML Platforms & Systems,"San Francisco, CA",High Priority,Short,Rolling (High Urgency),$50 - $70/hr,https://jobs.ashbyhq.com/perplexity,No Application,"Agentic search architecture, neural information retrieval & multi-modal generative inference"
2026-08-21,2026-08-23,Modal,Systems & Cloud Infrastructure Engineering Intern (Summer 2027),Core Software Engineering,"San Francisco, CA / New York, NY",High Priority,Short,Rolling (High Urgency),$55 - $75/hr,https://jobs.ashbyhq.com/modal,No Application,"Serverless GPU orchestration, container micro-virtualization runtime & low-latency cloud infrastructure"
2026-08-19,2026-08-23,Circleback,Software Engineering Intern (Summer 2027 - Product Systems),Full Stack & Web,"San Francisco, CA",Medium Priority,Short,Rolling (Medium Urgency),"$7,000 - $10,000/mo",https://jobs.ashbyhq.com/circleback/2bb6be67-d1a8-42f7-bb1b-64ee36bf613f,No Application,"AI meeting intelligence architecture, real-time desktop & web client synchronization"
2026-08-20,2026-08-23,CTGT,AI Governance & Policy Systems Engineering Intern (Summer 2027),AI/ML Platforms & Systems,"San Francisco, CA",High Priority,Short,Rolling (High Urgency),"$8,000 - $12,000/mo",https://jobs.ashbyhq.com/ctgt/f657c2f5-125e-42b6-a68a-646bbea3d155,No Application,"Deterministic AI evaluation platforms, compliance policy compiler & verification runtime"
2026-08-19,2026-08-23,Quadrillion Labs,Agentic ML Research & Infrastructure Intern (Summer 2027),AI/ML Platforms & Systems,"New York, NY",Low Priority,Short,Rolling (Low Urgency),"$4,000 - $6,000/wk",https://jobs.ashbyhq.com/quadrillion-labs/a4acc44c-31ce-41a0-ab44-2500487b4d05,No Application,"Large-scale foundation model evaluation, autonomous AI benchmarking & agent training loops"
2026-08-20,2026-08-23,Heliux Inc.,Hardware & Manufacturing Software Engineer Intern (Summer 2027),Robotics & Autonomous Systems,"San Francisco, CA",High Priority,Short,Rolling (High Urgency),Competitive,https://jobs.ashbyhq.com/heliux/ff2b6f4b-00d0-4afe-b4f5-2dbf443409ef,No Application,"AI-native manufacturing systems, real-time robotics workcells & hardware telemetry automation"
2026-08-20,2026-08-23,Front,Software Engineering Intern - Systems & Collaboration Platform (Spring/Summer 2027),Full Stack & Web,"San Francisco, CA / Remote",Medium Priority,Short,Rolling (Medium Urgency),Competitive ($45 - $55/hr),https://jobs.ashbyhq.com/frontcareers/1026a32c-f8cc-4eee-992b-bacdf771d9fc,No Application,"Enterprise multi-channel messaging platform, distributed event streaming & collaborative workflow automation"
2026-08-22,2026-08-25,NVIDIA,NVIDIA 2027 Internships: Systems Software Engineering,Embedded & Firmware,"Santa Clara, CA (Bay Area)",High Priority,Long,Rolling (High Urgency),$20 - $71/hr,https://nvidia.wd5.myworkdayjobs.com/en-US/NVIDIAExternalCareerSite/job/NVIDIA-2027-Internships--Systems-Software-Engineering_JR2023492,No Application,"GPU drivers, low-level OS runtime, and accelerated computing system software"
2026-08-19,2026-08-25,NVIDIA,NVIDIA 2027 Internships: Deep Learning Computer Architecture,AI/ML Platforms & Systems,"Santa Clara, CA (Bay Area)",High Priority,Long,Rolling (High Urgency),$20 - $71/hr,https://nvidia.wd5.myworkdayjobs.com/en-US/NVIDIAExternalCareerSite/job/NVIDIA-2027-Internships--Deep-Learning-Computer-Architecture_JR2023491,No Application,"Next-gen tensor core architecture, hardware modeling & deep learning workload acceleration"
2026-08-21,2026-08-25,NVIDIA,NVIDIA 2027 Internships: Computer Architecture,Embedded & Firmware,"Santa Clara, CA (Bay Area)",High Priority,Long,Rolling (High Urgency),$20 - $71/hr,https://nvidia.wd5.myworkdayjobs.com/en-US/NVIDIAExternalCareerSite/job/NVIDIA-2027-Internships--Computer-Architecture_JR2023489,No Application,"GPU microarchitecture simulation, instruction set architecture (ISA) & performance modeling"
2026-08-22,2026-08-25,NVIDIA,NVIDIA 2027 Internships: Software Engineering,Core Software Engineering,"Santa Clara, CA (Bay Area)",High Priority,Long,Rolling (High Urgency),$20 - $71/hr,https://nvidia.wd5.myworkdayjobs.com/en-US/NVIDIAExternalCareerSite/job/NVIDIA-2027-Internships--Software-Engineering_JR2023495,No Application,"CUDA platform software, distributed acceleration libraries & developer infrastructure"
2026-08-20,2026-08-25,Kodiak Robotics,"Winter 2027 Intern, Artificial Intelligence/Machine Learning",Robotics & Autonomous Systems,"Mountain View, CA (Bay Area)",High Priority,Short,Rolling (High Urgency),Competitive,https://job-boards.greenhouse.io/kodiak/jobs/4377407009,No Application,"3D perception, foundation models, camera/lidar/radar fusion for autonomous long-haul trucking"
2026-08-20,2026-08-25,Kodiak Robotics,"Winter 2027 Intern, Motion Planning",Robotics & Autonomous Systems,"Mountain View, CA (Bay Area)",High Priority,Short,Rolling (High Urgency),Competitive,https://job-boards.greenhouse.io/kodiak/jobs/4377721009,No Application,"Decision-making, trajectory generation, and behavioral planning algorithms in modern C++"
2026-08-22,2026-08-25,Valstad,"Robotics Software Intern, Manipulation & Simulation",Robotics & Autonomous Systems,"San Francisco, CA (Bay Area)",High Priority,Short,Rolling (High Urgency),$34 - $42/hr,https://jobs.ashbyhq.com/valstad/8478558b-c5b5-43d2-b9c0-eae7a1fb30d8,No Application,"Robotic manipulation, motion-planning, simulation infrastructure & robot-log replay in factory automation"
2026-08-21,2026-08-25,Niantic Spatial,Robotics Engineering Intern (Robot Learning & Sim-to-Real),Robotics & Autonomous Systems,"San Francisco, CA (Bay Area)",High Priority,Short,Rolling (High Urgency),Competitive,https://jobs.ashbyhq.com/niantic-spatial/02fe210c-a0d9-419f-a0c0-da32d9ff7307,No Application,"Sim-to-real deployment (Isaac Sim / MuJoCo), physical robot locomotion & navigation control"
2026-08-21,2026-08-25,Human Computer Lab,Software & ML Engineering Intern (Robot Perception),Computer Vision,"San Francisco, CA (Bay Area)",High Priority,Short,Rolling (High Urgency),Competitive,https://jobs.ashbyhq.com/human-computer-lab/7d13ae27-1f02-4d9b-8d39-e3d9d67df705,No Application,"Computer vision, robot perception, interaction models & real-time embedded hardware integration"
2026-08-21,2026-08-25,Etched,Firmware Engineering Intern (AI Accelerator Chips),Embedded & Firmware,"San Jose, CA (Bay Area)",High Priority,Short,Rolling (High Urgency),Competitive + Housing Support,https://jobs.ashbyhq.com/etched/699f3ab2-07e4-466c-9d76-3d4a3abb4ebc,No Application,"Low-level C/C++/Rust drivers, hardware bring-up & ASIC firmware for transformer accelerators"
2026-08-22,2026-08-25,OpenMind,Robotics Software Intern (Fleet & Autonomy),Robotics & Autonomous Systems,"San Francisco, CA (Bay Area)",High Priority,Short,Rolling (High Urgency),Competitive,https://jobs.ashbyhq.com/openmind/7367a37a-37d9-42d8-91d4-f4d3e42f3e29,No Application,"Robot platform SDK integration, sensor calibration, SLAM, ROS and autonomous navigation"
2026-08-22,2026-08-25,Haast Autonomous,Summer 2027 Engineering Internship (Avionics & Autonomous UAVs),Robotics & Autonomous Systems,"San Francisco, CA (Bay Area)",High Priority,Short,Rolling (High Urgency),Competitive,https://jobs.ashbyhq.com/haastautonomous/5e3667c4-3d04-40d9-87d1-6b7fe6539e2d,No Application,"Autonomous aircraft prototyping, flight avionics, ArduPilot/PX4 controls and hardware testing"
2026-08-23,2026-08-25,XPENG Motors,AI Infra Onboard Performance Intern (Autonomous Driving),Robotics & Autonomous Systems,"San Jose / Mountain View, CA (Bay Area)",High Priority,Short,Rolling (High Urgency),Competitive,https://job-boards.greenhouse.io/xpengmotors/jobs/8581353002,No Application,"Onboard AI inference optimization, compute kernel profiling, latency reduction on vehicle hardware"
2026-08-22,2026-08-25,General Matter,Summer 2027 Internship - Software Engineering (Distributed & Controls),Core Software Engineering,"Los Angeles, CA (near UCLA)",High Priority,Short,Rolling (High Urgency),$32 - $46/hr + Housing Stipend,https://job-boards.greenhouse.io/generalmatter/jobs/5377118008,No Application,"High-performance C++/Python control systems, distributed telemetry & industrial fault tolerance"
2026-08-22,2026-08-25,General Matter,Electrical Engineering - Summer 2027 Internship (Power & Microgrids),Embedded & Firmware,"Los Angeles, CA (near UCLA)",High Priority,Short,Rolling (High Urgency),$30 - $40/hr + Housing Stipend,https://job-boards.greenhouse.io/generalmatter/jobs/5376052008,No Application,"Electrical systems, PCB prototyping, hardware bring-up, debugging, and qualification testing"
2026-08-23,2026-08-25,Netic,Full-Stack Software Engineer (Product) - Intern - 2026-2027,Full Stack & Web,"San Francisco, CA (Bay Area)",Medium Priority,Short,Rolling (Medium Urgency),Competitive,https://jobs.ashbyhq.com/netic/f291394a-f3c5-4f46-9b87-77aea3d487ef,No Application,"Agentic product features, full-stack AI workflows, APIs and data models for physical economy"
2026-08-23,2026-08-25,Netic,Software Engineer (Agent Platform) - Intern - 2026-2027,AI/ML Platforms & Systems,"San Francisco, CA (Bay Area)",High Priority,Short,Rolling (High Urgency),Competitive,https://jobs.ashbyhq.com/netic/b0ea7aab-8eea-4d31-96f9-278364180ae7,No Application,"Multi-agent routing orchestration layer, agent harnesses, sandboxes and evaluation loops"
2026-08-22,2026-08-25,Sage,Software Engineering Intern (Edge & Embedded) – Summer 2027,Embedded & Firmware,"New York, NY / San Francisco, CA",High Priority,Short,Rolling (High Urgency),Competitive,https://job-boards.greenhouse.io/sage49/jobs/6131191004,No Application,"Embedded edge computing, IoT sensor telemetry, RF communication and hardware-software integration"
2026-08-20,2026-08-25,Kairos Power,Electrical Engineering Internship - Summer 2027,Embedded & Firmware,"Alameda, CA (Bay Area)",High Priority,Short,Rolling (High Urgency),$28 - $38/hr,https://job-boards.greenhouse.io/kairospower/jobs/6123657004,No Application,"Instrumentation & digital control systems, automated testing, and reactor control hardware"
2026-08-24,2026-08-25,The Hartford,Tech & Data Program Summer 2027 - Software Engineer Intern,Core Software Engineering,"Hartford, CT / Hybrid Remote",Low Priority,Long,Rolling (Low Urgency),Competitive,https://thehartford.wd5.myworkdayjobs.com/Careers_External/job/Hartford-CT/Tech---Data-Program-Summer-2027---Software-Engineer-Intern--Hartford-_R2626105-1,No Application,"Enterprise cloud services, distributed APIs, and technology operations tooling"